"제목, 발췌"
갈등하는 눈동자
복미영 팬클럽 흥망사
크리미(널)러브
디디의 우산
쓰는 사람의 문장 필사
일의 말들
미지를 위한 루바토
탁월하게 서글픈 자의식
쓰기로 마음먹은 당신에게
비폭력대화
방송 연출 기본기
법의 체면
"첫 여름, 완주"
옆사람
고상하고 천박하게
봄 밤의 모든 것
전쟁 없는 세상
"우리, 나이 드는 존재"
우는 나와 우는 우는
페인트
터틀넥프레스 사업일기 : BEGINS
영원에 빚을 져서
시티뷰
심장보다 단단한 토마토 한 알
음악의 쓰임
애플저널_250214
노인력
그렇게 나는 다시 삶을 선택했다
일의 감각
나는 세계와 맞지 않지만
퇴근길의 마음
참사는 골목에 머물지 않는다
친구의 표정
편집자를 위한 북디자인
대온실 수리 보고서
원의독백
씩씩한 포크와 계획적인 나이프
자매일기
눈부신 안부
여자 둘이 살고 있습니다
이중 하나는 거짓말
온전히 평등하고 지극히 차별적인
즐거운 어른
이 지랄맞음이 쌓여 축제가 되겠지
쓰게 될 것
재능을 돈으로 바꿀 수 있을까
좋아하는 일로 지구를 지킬 수 있다면
디스보다 피스
음악소설집
인터뷰하는 법
최소한의 시민
"아무튼, 당근마켓"
미술 사는 이야기 - 신생공간이라는 사건과
우리의 활보는 사치가 아니야
젊치인을 키우고 있습니다
시인들
나를 알기 위해서 쓴다
조금 더 사랑하는 쪽으로
나는 지금도 거기 있어
오리들
마은의 가게
마법의 디자인
겨울을 지나가다
"사람이 사람에게, 사람의 말을 이어갑니다"
아파도 미안하지 않습니다
적당한 실례
그러나 누군가는 더 검은 밤을 원한다
"좋아 보이는 것들의 비밀, Good Design (5장)"
"좋아 보이는 것들의 비밀, Good Design (4장, 색)"
퉤퉤퉤
스탠드업 코미디 대본집
"좋아 보이는 것들의 비밀, Good Design (2장, 자연)"
"좋아 보이는 것들의 비밀, Good Design (3장, 형태)"
"좋아 보이는 것들의 비밀, Good Design (서론과 1장)"
보통의 언어들
파견자들
새벽과 음악
이 아이는 자라서 이렇게 됩니다
하필 책이 좋아서
사랑 밖의 모든 말들
각가의 계절
그렇게 쓰면 아무도 안 읽습니다
에디토리얼 씽킹
고통 구경하는 사회
만화의 이해
애플저널_240114
엄살원
눈물에는 체력이 놓아있어
여름과 루비
불안의 밤에 고하는 밤
단 한 사람
"땡스 갓, 잇츠 프라이데이"
"설자은, 금성으로 돌아오다"
매일을 헤엄치는 법
작업자의 사전
귀하의 노고에 감사드립니다
21세기를 살아가는 반자본주의자를 위한 안내서
세계 끝의 버섯 2/2
i에게
세계 끝의 버섯 1/2
고통에 관하여
나 자신으로 살아가기
우리는 순수한 것을 생각했다
모든 멋진 일에는 두려움이 따른다
아주 희미한 빛으로도
궁금한 건 당신
일놀놀일
끝내주는 인생
"아무튼, 친구"
액세스가 거부되었습니다
젊은 근희의 행진
미치게 만드는 브랜드
청(소)년 정치 참여 길라잡이
끌어안는 소설
디자이너의 일상과 실천
공공기관과 디자인
아무도 아닌
관계의 말들
제사를 부탁해
"JOBS, 소설가 : 써야 하는 이야기를 쓰고 마는 사람들"
"재인, 재욱, 재훈"
시간이 있었으면 좋겠다
날씨와 얼굴
유난한 도전
은유의 글쓰기 상담소
연년세세
빵 고르듯 살고 싶다
아주 오랜만에 행복하다는 느낌
"함께 자라기, 애자일로 가는 길"
백의 그림자
다만 빛과 그림자가 그곳에 있었고
뛰어놀며 운동장의 기울기를 바꾸기
마음에 없는 소리
애플저널_210904